year,CAD,CHF,EUR,GBP,JPY,USD,TOTAL
2027,0.0,0.0,0.0,0.0,0.0,1000000000.0,1000000000.0
2028,0.0,0.0,1137126000.0,0.0,0.0,3500000000.0,4637126000.0
2029,0.0,0.0,1705689000.0000002,994668750.0,861238000.0,5000000000.0,8561595750.0
2030,0.0,0.0,1705689000.0000002,0.0,0.0,5500000000.0,7205689000.0
2031,1058874000.0,0.0,1137126000.0,0.0,1274378000.0,6500000000.0,9970378000.0
2032,0.0,0.0,1989970500.0000002,1657781250.0,0.0,1250000000.0,4897751750.0
2033,1411832000.0,0.0,1705689000.0000002,0.0,783059200.0,5500000000.0,9400580200.0
2034,0.0,0.0,2842815000.0,0.0,0.0,0.0,2842815000.0
2035,0.0,0.0,0.0,0.0,0.0,4750000000.0,4750000000.0
2036,1588311000.0,3678230311.0,0.0,0.0,412504400.0,8750000000.0,14429045711.0
2037,0.0,0.0,1421407500.0,0.0,0.0,0.0,1421407500.0
2038,0.0,0.0,1137126000.0,0.0,0.0,0.0,1137126000.0
2039,0.0,0.0,1989970500.0000002,0.0,0.0,0.0,1989970500.0000002
2040,0.0,0.0,0.0,0.0,0.0,1250000000.0,1250000000.0
2041,0.0,0.0,0.0,1657781250.0,121399600.0,0.0,1779180850.0
2042,0.0,0.0,0.0,0.0,0.0,0.0,0.0
2043,0.0,0.0,0.0,0.0,0.0,0.0,0.0
2044,0.0,0.0,1421407500.0,0.0,0.0,0.0,1421407500.0
2045,0.0,0.0,2842815000.0,0.0,0.0,2000000000.0,4842815000.0
2046,0.0,0.0,0.0,0.0,0.0,4500000000.0,4500000000.0
2047,0.0,0.0,0.0,0.0,0.0,0.0,0.0
2048,0.0,0.0,0.0,0.0,0.0,0.0,0.0
2049,0.0,0.0,0.0,0.0,0.0,0.0,0.0
2050,0.0,0.0,0.0,0.0,0.0,2500000000.0,2500000000.0
2051,0.0,0.0,0.0,0.0,0.0,0.0,0.0
2052,0.0,0.0,0.0,0.0,0.0,0.0,0.0
2053,0.0,0.0,0.0,0.0,0.0,0.0,0.0
2054,0.0,0.0,1421407500.0,0.0,0.0,0.0,1421407500.0
2055,0.0,0.0,0.0,0.0,0.0,5500000000.0,5500000000.0
2056,1941269000.0,0.0,0.0,0.0,59110800.0,8500000000.0,10500379800.0
2057,0.0,0.0,0.0,0.0,0.0,0.0,0.0
2058,0.0,0.0,0.0,1657781250.0,0.0,0.0,1657781250.0
2059,0.0,0.0,0.0,0.0,0.0,0.0,0.0
2060,0.0,0.0,0.0,0.0,0.0,2000000000.0,2000000000.0
2061,0.0,0.0,0.0,0.0,0.0,0.0,0.0
2062,0.0,0.0,0.0,0.0,0.0,0.0,0.0
2063,0.0,0.0,1421407500.0,0.0,0.0,0.0,1421407500.0
2064,0.0,0.0,1421407500.0,0.0,0.0,0.0,1421407500.0
2065,0.0,0.0,0.0,0.0,0.0,1500000000.0,1500000000.0
2066,0.0,0.0,0.0,0.0,152544000.0,4250000000.0,4402544000.0
2067,0.0,0.0,0.0,0.0,0.0,0.0,0.0
2068,0.0,0.0,0.0,0.0,0.0,0.0,0.0
2069,0.0,0.0,0.0,0.0,0.0,0.0,0.0
2070,0.0,0.0,0.0,0.0,0.0,0.0,0.0
2071,0.0,0.0,0.0,0.0,0.0,0.0,0.0
2072,0.0,0.0,0.0,0.0,0.0,0.0,0.0
2073,0.0,0.0,0.0,0.0,0.0,0.0,0.0
2074,0.0,0.0,0.0,0.0,0.0,0.0,0.0
2075,0.0,0.0,0.0,0.0,0.0,2750000000.0,2750000000.0
2076,0.0,0.0,0.0,0.0,0.0,0.0,0.0
2077,0.0,0.0,0.0,0.0,0.0,0.0,0.0
2078,0.0,0.0,0.0,0.0,0.0,0.0,0.0
2079,0.0,0.0,0.0,0.0,0.0,0.0,0.0
2080,0.0,0.0,0.0,0.0,0.0,0.0,0.0
2081,0.0,0.0,0.0,0.0,0.0,0.0,0.0
2082,0.0,0.0,0.0,0.0,0.0,0.0,0.0
2083,0.0,0.0,0.0,0.0,0.0,0.0,0.0
2084,0.0,0.0,0.0,0.0,0.0,0.0,0.0
2085,0.0,0.0,0.0,0.0,0.0,0.0,0.0
2086,0.0,0.0,0.0,0.0,0.0,0.0,0.0
2087,0.0,0.0,0.0,0.0,0.0,0.0,0.0
2088,0.0,0.0,0.0,0.0,0.0,0.0,0.0
2089,0.0,0.0,0.0,0.0,0.0,0.0,0.0
2090,0.0,0.0,0.0,0.0,0.0,0.0,0.0
2091,0.0,0.0,0.0,0.0,0.0,0.0,0.0
2092,0.0,0.0,0.0,0.0,0.0,0.0,0.0
2093,0.0,0.0,0.0,0.0,0.0,0.0,0.0
2094,0.0,0.0,0.0,0.0,0.0,0.0,0.0
2095,0.0,0.0,0.0,0.0,0.0,0.0,0.0
2096,0.0,0.0,0.0,0.0,0.0,0.0,0.0
2097,0.0,0.0,0.0,0.0,0.0,0.0,0.0
2098,0.0,0.0,0.0,0.0,0.0,0.0,0.0
2099,0.0,0.0,0.0,0.0,0.0,0.0,0.0
2100,0.0,0.0,0.0,0.0,0.0,0.0,0.0
2101,0.0,0.0,0.0,0.0,0.0,0.0,0.0
2102,0.0,0.0,0.0,0.0,0.0,0.0,0.0
2103,0.0,0.0,0.0,0.0,0.0,0.0,0.0
2104,0.0,0.0,0.0,0.0,0.0,0.0,0.0
2105,0.0,0.0,0.0,0.0,0.0,0.0,0.0
2106,0.0,0.0,0.0,0.0,0.0,0.0,0.0
2107,0.0,0.0,0.0,0.0,0.0,0.0,0.0
2108,0.0,0.0,0.0,0.0,0.0,0.0,0.0
2109,0.0,0.0,0.0,0.0,0.0,0.0,0.0
2110,0.0,0.0,0.0,0.0,0.0,0.0,0.0
2111,0.0,0.0,0.0,0.0,0.0,0.0,0.0
2112,0.0,0.0,0.0,0.0,0.0,0.0,0.0
2113,0.0,0.0,0.0,0.0,0.0,0.0,0.0
2114,0.0,0.0,0.0,0.0,0.0,0.0,0.0
2115,0.0,0.0,0.0,0.0,0.0,0.0,0.0
2116,0.0,0.0,0.0,0.0,0.0,0.0,0.0
2117,0.0,0.0,0.0,0.0,0.0,0.0,0.0
2118,0.0,0.0,0.0,0.0,0.0,0.0,0.0
2119,0.0,0.0,0.0,0.0,0.0,0.0,0.0
2120,0.0,0.0,0.0,0.0,0.0,0.0,0.0
2121,0.0,0.0,0.0,0.0,0.0,0.0,0.0
2122,0.0,0.0,0.0,0.0,0.0,0.0,0.0
2123,0.0,0.0,0.0,0.0,0.0,0.0,0.0
2124,0.0,0.0,0.0,0.0,0.0,0.0,0.0
2125,0.0,0.0,0.0,0.0,0.0,0.0,0.0
2126,0.0,0.0,0.0,1326225000.0,0.0,0.0,1326225000.0
