observation_date,tenor,value,source,source_url
2026-09-28,1 Mo,4.04,U.S. Treasury Daily Par Yield Curve Rates,https://home.treasury.gov/resource-center/data-chart-center/interest-rates/daily-treasury-rates.csv/2026/all?type=daily_treasury_yield_curve&field_tdr_date_value=2026&page&_format=csv
2026-09-28,1.5 Month,4.14,U.S. Treasury Daily Par Yield Curve Rates,https://home.treasury.gov/resource-center/data-chart-center/interest-rates/daily-treasury-rates.csv/2026/all?type=daily_treasury_yield_curve&field_tdr_date_value=2026&page&_format=csv
2026-09-28,2 Mo,4.2,U.S. Treasury Daily Par Yield Curve Rates,https://home.treasury.gov/resource-center/data-chart-center/interest-rates/daily-treasury-rates.csv/2026/all?type=daily_treasury_yield_curve&field_tdr_date_value=2026&page&_format=csv
2026-09-28,3 Mo,4.28,U.S. Treasury Daily Par Yield Curve Rates,https://home.treasury.gov/resource-center/data-chart-center/interest-rates/daily-treasury-rates.csv/2026/all?type=daily_treasury_yield_curve&field_tdr_date_value=2026&page&_format=csv
2026-09-28,4 Mo,4.33,U.S. Treasury Daily Par Yield Curve Rates,https://home.treasury.gov/resource-center/data-chart-center/interest-rates/daily-treasury-rates.csv/2026/all?type=daily_treasury_yield_curve&field_tdr_date_value=2026&page&_format=csv
2026-09-28,6 Mo,4.41,U.S. Treasury Daily Par Yield Curve Rates,https://home.treasury.gov/resource-center/data-chart-center/interest-rates/daily-treasury-rates.csv/2026/all?type=daily_treasury_yield_curve&field_tdr_date_value=2026&page&_format=csv
2026-09-28,1 Yr,4.59,U.S. Treasury Daily Par Yield Curve Rates,https://home.treasury.gov/resource-center/data-chart-center/interest-rates/daily-treasury-rates.csv/2026/all?type=daily_treasury_yield_curve&field_tdr_date_value=2026&page&_format=csv
2026-09-28,2 Yr,4.92,U.S. Treasury Daily Par Yield Curve Rates,https://home.treasury.gov/resource-center/data-chart-center/interest-rates/daily-treasury-rates.csv/2026/all?type=daily_treasury_yield_curve&field_tdr_date_value=2026&page&_format=csv
2026-09-28,3 Yr,5.01,U.S. Treasury Daily Par Yield Curve Rates,https://home.treasury.gov/resource-center/data-chart-center/interest-rates/daily-treasury-rates.csv/2026/all?type=daily_treasury_yield_curve&field_tdr_date_value=2026&page&_format=csv
2026-09-28,5 Yr,5.06,U.S. Treasury Daily Par Yield Curve Rates,https://home.treasury.gov/resource-center/data-chart-center/interest-rates/daily-treasury-rates.csv/2026/all?type=daily_treasury_yield_curve&field_tdr_date_value=2026&page&_format=csv
2026-09-28,7 Yr,5.15,U.S. Treasury Daily Par Yield Curve Rates,https://home.treasury.gov/resource-center/data-chart-center/interest-rates/daily-treasury-rates.csv/2026/all?type=daily_treasury_yield_curve&field_tdr_date_value=2026&page&_format=csv
2026-09-28,10 Yr,5.24,U.S. Treasury Daily Par Yield Curve Rates,https://home.treasury.gov/resource-center/data-chart-center/interest-rates/daily-treasury-rates.csv/2026/all?type=daily_treasury_yield_curve&field_tdr_date_value=2026&page&_format=csv
2026-09-28,20 Yr,5.6,U.S. Treasury Daily Par Yield Curve Rates,https://home.treasury.gov/resource-center/data-chart-center/interest-rates/daily-treasury-rates.csv/2026/all?type=daily_treasury_yield_curve&field_tdr_date_value=2026&page&_format=csv
2026-09-28,30 Yr,5.56,U.S. Treasury Daily Par Yield Curve Rates,https://home.treasury.gov/resource-center/data-chart-center/interest-rates/daily-treasury-rates.csv/2026/all?type=daily_treasury_yield_curve&field_tdr_date_value=2026&page&_format=csv
