tag,unit,value,period_start,period_end,form,fiscal_year,fiscal_period,filed,accession
DebtInstrumentCarryingAmount,USD,12000000000,,2024-12-31,10-Q,2025,Q1,2025-04-25,0001652044-25-000043
DebtInstrumentCarryingAmount,USD,12000000000,,2024-12-31,10-Q,2025,Q2,2025-07-24,0001652044-25-000062
DebtInstrumentCarryingAmount,USD,12000000000,,2024-12-31,10-Q,2025,Q3,2025-10-30,0001652044-25-000091
DebtInstrumentCarryingAmount,USD,12000000000,,2024-12-31,10-K,2025,FY,2026-02-05,0001652044-26-000018
DebtInstrumentCarryingAmount,USD,12000000000,,2025-03-31,10-Q,2025,Q1,2025-04-25,0001652044-25-000043
DebtInstrumentCarryingAmount,USD,24903000000,,2025-06-30,10-Q,2025,Q2,2025-07-24,0001652044-25-000062
DebtInstrumentCarryingAmount,USD,23892000000,,2025-09-30,10-Q,2025,Q3,2025-10-30,0001652044-25-000091
DebtInstrumentCarryingAmount,USD,49085000000,,2025-12-31,10-K,2025,FY,2026-02-05,0001652044-26-000018
DebtInstrumentCarryingAmount,USD,49085000000,,2025-12-31,10-Q,2026,Q1,2026-04-30,0001652044-26-000048
DebtInstrumentCarryingAmount,USD,49085000000,,2025-12-31,10-Q,2026,Q2,2026-07-23,0001652044-26-000071
DebtInstrumentCarryingAmount,USD,80305000000,,2026-03-31,10-Q,2026,Q1,2026-04-30,0001652044-26-000048
DebtInstrumentCarryingAmount,USD,101085000000,,2026-06-30,10-Q,2026,Q2,2026-07-23,0001652044-26-000071
DebtInstrumentFaceAmount,USD,1700000000,,2016-04-30,10-Q,2016,Q2,2016-08-04,0001652044-16-000032
InterestExpense,USD,81000000,2013-01-01,2013-12-31,10-K,2015,FY,2016-02-11,0001652044-16-000012
InterestExpense,USD,81000000,2013-01-01,2013-12-31,8-K,2015,FY,2016-05-03,0001652044-16-000022
InterestExpense,USD,76000000,2014-01-01,2014-09-30,10-Q,2015,Q3,2015-10-29,0001652044-15-000005
InterestExpense,USD,25000000,2014-07-01,2014-09-30,10-Q,2015,Q3,2015-10-29,0001652044-15-000005
InterestExpense,USD,101000000,2014-01-01,2014-12-31,10-K,2015,FY,2016-02-11,0001652044-16-000012
InterestExpense,USD,101000000,2014-01-01,2014-12-31,8-K,2015,FY,2016-05-03,0001652044-16-000022
InterestExpense,USD,101000000,2014-01-01,2014-12-31,10-K,2016,FY,2017-02-03,0001652044-17-000008
InterestExpense,USD,26000000,2015-01-01,2015-03-31,10-Q,2016,Q1,2016-05-03,0001652044-16-000021
InterestExpense,USD,52000000,2015-01-01,2015-06-30,10-Q,2016,Q2,2016-08-04,0001652044-16-000032
InterestExpense,USD,26000000,2015-04-01,2015-06-30,10-Q,2016,Q2,2016-08-04,0001652044-16-000032
InterestExpense,USD,78000000,2015-01-01,2015-09-30,10-Q,2015,Q3,2015-10-29,0001652044-15-000005
InterestExpense,USD,26000000,2015-07-01,2015-09-30,10-Q,2015,Q3,2015-10-29,0001652044-15-000005
InterestExpense,USD,78000000,2015-01-01,2015-09-30,10-Q,2016,Q3,2016-11-03,0001652044-16-000038
InterestExpense,USD,26000000,2015-07-01,2015-09-30,10-Q,2016,Q3,2016-11-03,0001652044-16-000038
InterestExpense,USD,104000000,2015-01-01,2015-12-31,10-K,2015,FY,2016-02-11,0001652044-16-000012
InterestExpense,USD,104000000,2015-01-01,2015-12-31,8-K,2015,FY,2016-05-03,0001652044-16-000022
InterestExpense,USD,104000000,2015-01-01,2015-12-31,10-K,2016,FY,2017-02-03,0001652044-17-000008
InterestExpense,USD,104000000,2015-01-01,2015-12-31,10-K,2017,FY,2018-02-06,0001652044-18-000007
InterestExpense,USD,30000000,2016-01-01,2016-03-31,10-Q,2016,Q1,2016-05-03,0001652044-16-000021
InterestExpense,USD,30000000,2016-01-01,2016-03-31,10-Q,2017,Q1,2017-05-02,0001652044-17-000014
InterestExpense,USD,62000000,2016-01-01,2016-06-30,10-Q,2016,Q2,2016-08-04,0001652044-16-000032
InterestExpense,USD,32000000,2016-04-01,2016-06-30,10-Q,2016,Q2,2016-08-04,0001652044-16-000032
InterestExpense,USD,62000000,2016-01-01,2016-06-30,10-Q,2017,Q2,2017-07-25,0001652044-17-000026
InterestExpense,USD,32000000,2016-04-01,2016-06-30,10-Q,2017,Q2,2017-07-25,0001652044-17-000026
InterestExpense,USD,91000000,2016-01-01,2016-09-30,10-Q,2016,Q3,2016-11-03,0001652044-16-000038
InterestExpense,USD,29000000,2016-07-01,2016-09-30,10-Q,2016,Q3,2016-11-03,0001652044-16-000038
InterestExpense,USD,91000000,2016-01-01,2016-09-30,10-Q,2017,Q3,2017-10-27,0001652044-17-000042
InterestExpense,USD,29000000,2016-07-01,2016-09-30,10-Q,2017,Q3,2017-10-27,0001652044-17-000042
InterestExpense,USD,124000000,2016-01-01,2016-12-31,10-K,2016,FY,2017-02-03,0001652044-17-000008
InterestExpense,USD,124000000,2016-01-01,2016-12-31,10-K,2017,FY,2018-02-06,0001652044-18-000007
InterestExpense,USD,124000000,2016-01-01,2016-12-31,10-K,2018,FY,2019-02-05,0001652044-19-000004
InterestExpense,USD,25000000,2017-01-01,2017-03-31,10-Q,2017,Q1,2017-05-02,0001652044-17-000014
InterestExpense,USD,25000000,2017-01-01,2017-03-31,10-Q,2018,Q1,2018-04-24,0001652044-18-000016
InterestExpense,USD,46000000,2017-01-01,2017-06-30,10-Q,2017,Q2,2017-07-25,0001652044-17-000026
InterestExpense,USD,21000000,2017-04-01,2017-06-30,10-Q,2017,Q2,2017-07-25,0001652044-17-000026
InterestExpense,USD,46000000,2017-01-01,2017-06-30,10-Q,2018,Q2,2018-07-24,0001652044-18-000027
InterestExpense,USD,21000000,2017-04-01,2017-06-30,10-Q,2018,Q2,2018-07-24,0001652044-18-000027
InterestExpense,USD,73000000,2017-01-01,2017-09-30,10-Q,2017,Q3,2017-10-27,0001652044-17-000042
InterestExpense,USD,27000000,2017-07-01,2017-09-30,10-Q,2017,Q3,2017-10-27,0001652044-17-000042
InterestExpense,USD,73000000,2017-01-01,2017-09-30,10-Q,2018,Q3,2018-10-26,0001652044-18-000035
InterestExpense,USD,27000000,2017-07-01,2017-09-30,10-Q,2018,Q3,2018-10-26,0001652044-18-000035
InterestExpense,USD,109000000,2017-01-01,2017-12-31,10-K,2017,FY,2018-02-06,0001652044-18-000007
InterestExpense,USD,109000000,2017-01-01,2017-12-31,10-K,2018,FY,2019-02-05,0001652044-19-000004
InterestExpense,USD,109000000,2017-01-01,2017-12-31,10-K,2019,FY,2020-02-04,0001652044-20-000008
InterestExpense,USD,30000000,2018-01-01,2018-03-31,10-Q,2018,Q1,2018-04-24,0001652044-18-000016
InterestExpense,USD,30000000,2018-01-01,2018-03-31,10-Q,2019,Q1,2019-04-30,0001652044-19-000015
InterestExpense,USD,57000000,2018-01-01,2018-06-30,10-Q,2018,Q2,2018-07-24,0001652044-18-000027
InterestExpense,USD,27000000,2018-04-01,2018-06-30,10-Q,2018,Q2,2018-07-24,0001652044-18-000027
InterestExpense,USD,57000000,2018-01-01,2018-06-30,10-Q,2019,Q2,2019-07-26,0001652044-19-000023
InterestExpense,USD,27000000,2018-04-01,2018-06-30,10-Q,2019,Q2,2019-07-26,0001652044-19-000023
InterestExpense,USD,85000000,2018-01-01,2018-09-30,10-Q,2018,Q3,2018-10-26,0001652044-18-000035
InterestExpense,USD,28000000,2018-07-01,2018-09-30,10-Q,2018,Q3,2018-10-26,0001652044-18-000035
InterestExpense,USD,85000000,2018-01-01,2018-09-30,10-Q,2019,Q3,2019-10-29,0001652044-19-000032
InterestExpense,USD,28000000,2018-07-01,2018-09-30,10-Q,2019,Q3,2019-10-29,0001652044-19-000032
InterestExpense,USD,114000000,2018-01-01,2018-12-31,10-K,2018,FY,2019-02-05,0001652044-19-000004
InterestExpense,USD,114000000,2018-01-01,2018-12-31,10-K,2019,FY,2020-02-04,0001652044-20-000008
InterestExpense,USD,114000000,2018-01-01,2018-12-31,10-K,2020,FY,2021-02-03,0001652044-21-000010
InterestExpense,USD,35000000,2019-01-01,2019-03-31,10-Q,2019,Q1,2019-04-30,0001652044-19-000015
InterestExpense,USD,35000000,2019-01-01,2019-03-31,10-Q,2020,Q1,2020-04-29,0001652044-20-000021
InterestExpense,USD,60000000,2019-01-01,2019-06-30,10-Q,2019,Q2,2019-07-26,0001652044-19-000023
InterestExpense,USD,25000000,2019-04-01,2019-06-30,10-Q,2019,Q2,2019-07-26,0001652044-19-000023
InterestExpense,USD,60000000,2019-01-01,2019-06-30,10-Q,2020,Q2,2020-07-31,0001652044-20-000032
InterestExpense,USD,25000000,2019-04-01,2019-06-30,10-Q,2020,Q2,2020-07-31,0001652044-20-000032
InterestExpense,USD,83000000,2019-01-01,2019-09-30,10-Q,2019,Q3,2019-10-29,0001652044-19-000032
InterestExpense,USD,23000000,2019-07-01,2019-09-30,10-Q,2019,Q3,2019-10-29,0001652044-19-000032
InterestExpense,USD,83000000,2019-01-01,2019-09-30,10-Q,2020,Q3,2020-10-30,0001652044-20-000050
InterestExpense,USD,23000000,2019-07-01,2019-09-30,10-Q,2020,Q3,2020-10-30,0001652044-20-000050
InterestExpense,USD,100000000,2019-01-01,2019-12-31,10-K,2019,FY,2020-02-04,0001652044-20-000008
InterestExpense,USD,100000000,2019-01-01,2019-12-31,10-K,2020,FY,2021-02-03,0001652044-21-000010
InterestExpense,USD,100000000,2019-01-01,2019-12-31,10-K,2021,FY,2022-02-02,0001652044-22-000019
InterestExpense,USD,21000000,2020-01-01,2020-03-31,10-Q,2020,Q1,2020-04-29,0001652044-20-000021
InterestExpense,USD,21000000,2020-01-01,2020-03-31,10-Q,2021,Q1,2021-04-28,0001652044-21-000020
InterestExpense,USD,34000000,2020-01-01,2020-06-30,10-Q,2020,Q2,2020-07-31,0001652044-20-000032
InterestExpense,USD,13000000,2020-04-01,2020-06-30,10-Q,2020,Q2,2020-07-31,0001652044-20-000032
InterestExpense,USD,34000000,2020-01-01,2020-06-30,10-Q,2021,Q2,2021-07-28,0001652044-21-000047
InterestExpense,USD,13000000,2020-04-01,2020-06-30,10-Q,2021,Q2,2021-07-28,0001652044-21-000047
InterestExpense,USD,82000000,2020-01-01,2020-09-30,10-Q,2020,Q3,2020-10-30,0001652044-20-000050
InterestExpense,USD,48000000,2020-07-01,2020-09-30,10-Q,2020,Q3,2020-10-30,0001652044-20-000050
InterestExpense,USD,82000000,2020-01-01,2020-09-30,10-Q,2021,Q3,2021-10-27,0001652044-21-000057
InterestExpense,USD,48000000,2020-07-01,2020-09-30,10-Q,2021,Q3,2021-10-27,0001652044-21-000057
InterestExpense,USD,135000000,2020-01-01,2020-12-31,10-K,2020,FY,2021-02-03,0001652044-21-000010
InterestExpense,USD,135000000,2020-01-01,2020-12-31,10-K,2021,FY,2022-02-02,0001652044-22-000019
InterestExpense,USD,135000000,2020-01-01,2020-12-31,10-K,2022,FY,2023-02-03,0001652044-23-000016
InterestExpense,USD,76000000,2021-01-01,2021-03-31,10-Q,2021,Q1,2021-04-28,0001652044-21-000020
InterestExpense,USD,76000000,2021-01-01,2021-03-31,10-Q,2022,Q1,2022-04-27,0001652044-22-000029
InterestExpense,USD,152000000,2021-01-01,2021-06-30,10-Q,2021,Q2,2021-07-28,0001652044-21-000047
InterestExpense,USD,76000000,2021-04-01,2021-06-30,10-Q,2021,Q2,2021-07-28,0001652044-21-000047
InterestExpense,USD,152000000,2021-01-01,2021-06-30,10-Q,2022,Q2,2022-07-27,0001652044-22-000071
InterestExpense,USD,76000000,2021-04-01,2021-06-30,10-Q,2022,Q2,2022-07-27,0001652044-22-000071
InterestExpense,USD,229000000,2021-01-01,2021-09-30,10-Q,2021,Q3,2021-10-27,0001652044-21-000057
InterestExpense,USD,77000000,2021-07-01,2021-09-30,10-Q,2021,Q3,2021-10-27,0001652044-21-000057
InterestExpense,USD,229000000,2021-01-01,2021-09-30,10-Q,2022,Q3,2022-10-26,0001652044-22-000090
InterestExpense,USD,77000000,2021-07-01,2021-09-30,10-Q,2022,Q3,2022-10-26,0001652044-22-000090
InterestExpense,USD,346000000,2021-01-01,2021-12-31,10-K,2021,FY,2022-02-02,0001652044-22-000019
InterestExpense,USD,346000000,2021-01-01,2021-12-31,10-K,2022,FY,2023-02-03,0001652044-23-000016
InterestExpense,USD,346000000,2021-01-01,2021-12-31,10-K,2023,FY,2024-01-31,0001652044-24-000022
InterestExpense,USD,83000000,2022-01-01,2022-03-31,10-Q,2022,Q1,2022-04-27,0001652044-22-000029
InterestExpense,USD,83000000,2022-01-01,2022-03-31,10-Q,2023,Q1,2023-04-26,0001652044-23-000045
InterestExpense,USD,166000000,2022-01-01,2022-06-30,10-Q,2022,Q2,2022-07-27,0001652044-22-000071
InterestExpense,USD,83000000,2022-04-01,2022-06-30,10-Q,2022,Q2,2022-07-27,0001652044-22-000071
InterestExpense,USD,166000000,2022-01-01,2022-06-30,10-Q,2023,Q2,2023-07-26,0001652044-23-000070
InterestExpense,USD,83000000,2022-04-01,2022-06-30,10-Q,2023,Q2,2023-07-26,0001652044-23-000070
InterestExpense,USD,267000000,2022-01-01,2022-09-30,10-Q,2022,Q3,2022-10-26,0001652044-22-000090
InterestExpense,USD,101000000,2022-07-01,2022-09-30,10-Q,2022,Q3,2022-10-26,0001652044-22-000090
InterestExpense,USD,267000000,2022-01-01,2022-09-30,10-Q,2023,Q3,2023-10-25,0001652044-23-000094
InterestExpense,USD,101000000,2022-07-01,2022-09-30,10-Q,2023,Q3,2023-10-25,0001652044-23-000094
InterestExpense,USD,357000000,2022-01-01,2022-12-31,10-K,2022,FY,2023-02-03,0001652044-23-000016
InterestExpense,USD,357000000,2022-01-01,2022-12-31,10-K,2023,FY,2024-01-31,0001652044-24-000022
InterestExpense,USD,80000000,2023-01-01,2023-03-31,10-Q,2023,Q1,2023-04-26,0001652044-23-000045
InterestExpense,USD,80000000,2023-01-01,2023-03-31,10-Q,2024,Q1,2024-04-26,0001652044-24-000053
InterestExpense,USD,123000000,2023-01-01,2023-06-30,10-Q,2023,Q2,2023-07-26,0001652044-23-000070
InterestExpense,USD,43000000,2023-04-01,2023-06-30,10-Q,2023,Q2,2023-07-26,0001652044-23-000070
InterestExpense,USD,239000000,2023-01-01,2023-09-30,10-Q,2023,Q3,2023-10-25,0001652044-23-000094
InterestExpense,USD,116000000,2023-07-01,2023-09-30,10-Q,2023,Q3,2023-10-25,0001652044-23-000094
InterestExpense,USD,308000000,2023-01-01,2023-12-31,10-K,2023,FY,2024-01-31,0001652044-24-000022
InterestExpense,USD,94000000,2024-01-01,2024-03-31,10-Q,2024,Q1,2024-04-26,0001652044-24-000053
InterestExpenseNonoperating,USD,357000000,2022-01-01,2022-12-31,10-K,2024,FY,2025-02-05,0001652044-25-000014
InterestExpenseNonoperating,USD,123000000,2023-01-01,2023-06-30,10-Q,2024,Q2,2024-07-24,0001652044-24-000079
InterestExpenseNonoperating,USD,43000000,2023-04-01,2023-06-30,10-Q,2024,Q2,2024-07-24,0001652044-24-000079
InterestExpenseNonoperating,USD,239000000,2023-01-01,2023-09-30,10-Q,2024,Q3,2024-10-30,0001652044-24-000118
InterestExpenseNonoperating,USD,116000000,2023-07-01,2023-09-30,10-Q,2024,Q3,2024-10-30,0001652044-24-000118
InterestExpenseNonoperating,USD,308000000,2023-01-01,2023-12-31,10-K,2024,FY,2025-02-05,0001652044-25-000014
InterestExpenseNonoperating,USD,308000000,2023-01-01,2023-12-31,10-K,2025,FY,2026-02-05,0001652044-26-000018
InterestExpenseNonoperating,USD,94000000,2024-01-01,2024-03-31,10-Q,2025,Q1,2025-04-25,0001652044-25-000043
InterestExpenseNonoperating,USD,161000000,2024-01-01,2024-06-30,10-Q,2024,Q2,2024-07-24,0001652044-24-000079
InterestExpenseNonoperating,USD,67000000,2024-04-01,2024-06-30,10-Q,2024,Q2,2024-07-24,0001652044-24-000079
InterestExpenseNonoperating,USD,161000000,2024-01-01,2024-06-30,10-Q,2025,Q2,2025-07-24,0001652044-25-000062
InterestExpenseNonoperating,USD,67000000,2024-04-01,2024-06-30,10-Q,2025,Q2,2025-07-24,0001652044-25-000062
InterestExpenseNonoperating,USD,215000000,2024-01-01,2024-09-30,10-Q,2024,Q3,2024-10-30,0001652044-24-000118
InterestExpenseNonoperating,USD,54000000,2024-07-01,2024-09-30,10-Q,2024,Q3,2024-10-30,0001652044-24-000118
InterestExpenseNonoperating,USD,215000000,2024-01-01,2024-09-30,10-Q,2025,Q3,2025-10-30,0001652044-25-000091
InterestExpenseNonoperating,USD,54000000,2024-07-01,2024-09-30,10-Q,2025,Q3,2025-10-30,0001652044-25-000091
InterestExpenseNonoperating,USD,268000000,2024-01-01,2024-12-31,10-K,2024,FY,2025-02-05,0001652044-25-000014
InterestExpenseNonoperating,USD,268000000,2024-01-01,2024-12-31,10-K,2025,FY,2026-02-05,0001652044-26-000018
InterestExpenseNonoperating,USD,34000000,2025-01-01,2025-03-31,10-Q,2025,Q1,2025-04-25,0001652044-25-000043
InterestExpenseNonoperating,USD,34000000,2025-01-01,2025-03-31,10-Q,2026,Q1,2026-04-30,0001652044-26-000048
InterestExpenseNonoperating,USD,295000000,2025-01-01,2025-06-30,10-Q,2025,Q2,2025-07-24,0001652044-25-000062
InterestExpenseNonoperating,USD,261000000,2025-04-01,2025-06-30,10-Q,2025,Q2,2025-07-24,0001652044-25-000062
InterestExpenseNonoperating,USD,295000000,2025-01-01,2025-06-30,10-Q,2026,Q2,2026-07-23,0001652044-26-000071
InterestExpenseNonoperating,USD,261000000,2025-04-01,2025-06-30,10-Q,2026,Q2,2026-07-23,0001652044-26-000071
InterestExpenseNonoperating,USD,438000000,2025-01-01,2025-09-30,10-Q,2025,Q3,2025-10-30,0001652044-25-000091
InterestExpenseNonoperating,USD,143000000,2025-07-01,2025-09-30,10-Q,2025,Q3,2025-10-30,0001652044-25-000091
InterestExpenseNonoperating,USD,736000000,2025-01-01,2025-12-31,10-K,2025,FY,2026-02-05,0001652044-26-000018
InterestExpenseNonoperating,USD,533000000,2026-01-01,2026-03-31,10-Q,2026,Q1,2026-04-30,0001652044-26-000048
InterestExpenseNonoperating,USD,1811000000,2026-01-01,2026-06-30,10-Q,2026,Q2,2026-07-23,0001652044-26-000071
InterestExpenseNonoperating,USD,1278000000,2026-04-01,2026-06-30,10-Q,2026,Q2,2026-07-23,0001652044-26-000071
LongTermDebt,USD,3225000000,,2015-12-31,10-K,2015,FY,2016-02-11,0001652044-16-000012
LongTermDebt,USD,3225000000,,2015-12-31,8-K,2015,FY,2016-05-03,0001652044-16-000022
LongTermDebt,USD,4000000000,,2016-12-31,10-K,2016,FY,2017-02-03,0001652044-17-000008
LongTermDebt,USD,4026000000,,2017-12-31,10-K,2017,FY,2018-02-06,0001652044-18-000007
LongTermDebt,USD,4062000000,,2018-12-31,10-K,2018,FY,2019-02-05,0001652044-19-000004
LongTermDebt,USD,4685000000,,2019-12-31,10-K,2019,FY,2020-02-04,0001652044-20-000008
LongTermDebt,USD,15319000000,,2020-12-31,10-K,2020,FY,2021-02-03,0001652044-21-000010
LongTermDebt,USD,15440000000,,2021-12-31,10-K,2021,FY,2022-02-02,0001652044-22-000019
LongTermDebt,USD,15312000000,,2022-12-31,10-K,2022,FY,2023-02-03,0001652044-23-000016
LongTermDebt,USD,14862000000,,2023-12-31,10-K,2023,FY,2024-01-31,0001652044-24-000022
LongTermDebt,USD,13000000000,,2023-12-31,10-K,2024,FY,2025-02-05,0001652044-25-000014
LongTermDebt,USD,12000000000,,2024-12-31,10-K,2024,FY,2025-02-05,0001652044-25-000014
LongTermDebt,USD,49085000000,,2025-12-31,10-K,2025,FY,2026-02-05,0001652044-26-000018
LongTermDebtCurrent,USD,0,,2019-12-31,10-Q,2020,Q3,2020-10-30,0001652044-20-000050
LongTermDebtCurrent,USD,0,,2019-12-31,10-K,2020,FY,2021-02-03,0001652044-21-000010
LongTermDebtCurrent,USD,999000000,,2020-09-30,10-Q,2020,Q3,2020-10-30,0001652044-20-000050
LongTermDebtCurrent,USD,999000000,,2020-12-31,10-K,2020,FY,2021-02-03,0001652044-21-000010
LongTermDebtCurrent,USD,999000000,,2020-12-31,10-Q,2021,Q1,2021-04-28,0001652044-21-000020
LongTermDebtCurrent,USD,999000000,,2020-12-31,10-Q,2021,Q2,2021-07-28,0001652044-21-000047
LongTermDebtCurrent,USD,999000000,,2020-12-31,10-Q,2021,Q3,2021-10-27,0001652044-21-000057
LongTermDebtCurrent,USD,999000000,,2020-12-31,10-K,2021,FY,2022-02-02,0001652044-22-000019
LongTermDebtCurrent,USD,1000000000,,2021-03-31,10-Q,2021,Q1,2021-04-28,0001652044-21-000020
LongTermDebtCurrent,USD,0,,2021-06-30,10-Q,2021,Q2,2021-07-28,0001652044-21-000047
LongTermDebtCurrent,USD,0,,2021-09-30,10-Q,2021,Q3,2021-10-27,0001652044-21-000057
LongTermDebtCurrent,USD,0,,2021-12-31,10-K,2021,FY,2022-02-02,0001652044-22-000019
LongTermDebtCurrent,USD,0,,2022-12-31,10-Q,2023,Q1,2023-04-26,0001652044-23-000045
LongTermDebtCurrent,USD,0,,2022-12-31,10-Q,2023,Q2,2023-07-26,0001652044-23-000070
LongTermDebtCurrent,USD,0,,2022-12-31,10-Q,2023,Q3,2023-10-25,0001652044-23-000094
LongTermDebtCurrent,USD,0,,2022-12-31,10-K,2023,FY,2024-01-31,0001652044-24-000022
LongTermDebtCurrent,USD,999000000,,2023-03-31,10-Q,2023,Q1,2023-04-26,0001652044-23-000045
LongTermDebtCurrent,USD,999000000,,2023-06-30,10-Q,2023,Q2,2023-07-26,0001652044-23-000070
LongTermDebtCurrent,USD,1000000000,,2023-09-30,10-Q,2023,Q3,2023-10-25,0001652044-23-000094
LongTermDebtCurrent,USD,1000000000,,2023-12-31,10-K,2023,FY,2024-01-31,0001652044-24-000022
LongTermDebtCurrent,USD,1000000000,,2023-12-31,10-Q,2024,Q1,2024-04-26,0001652044-24-000053
LongTermDebtCurrent,USD,1000000000,,2023-12-31,10-Q,2024,Q2,2024-07-24,0001652044-24-000079
LongTermDebtCurrent,USD,1000000000,,2023-12-31,10-Q,2024,Q3,2024-10-30,0001652044-24-000118
LongTermDebtCurrent,USD,1000000000,,2023-12-31,10-K,2024,FY,2025-02-05,0001652044-25-000014
LongTermDebtCurrent,USD,0,,2024-03-31,10-Q,2024,Q1,2024-04-26,0001652044-24-000053
LongTermDebtCurrent,USD,0,,2024-06-30,10-Q,2024,Q2,2024-07-24,0001652044-24-000079
LongTermDebtCurrent,USD,999000000,,2024-09-30,10-Q,2024,Q3,2024-10-30,0001652044-24-000118
LongTermDebtCurrent,USD,999000000,,2024-12-31,10-K,2024,FY,2025-02-05,0001652044-25-000014
LongTermDebtCurrent,USD,999000000,,2024-12-31,10-Q,2025,Q1,2025-04-25,0001652044-25-000043
LongTermDebtCurrent,USD,999000000,,2024-12-31,10-Q,2025,Q2,2025-07-24,0001652044-25-000062
LongTermDebtCurrent,USD,999000000,,2024-12-31,10-Q,2025,Q3,2025-10-30,0001652044-25-000091
LongTermDebtCurrent,USD,999000000,,2024-12-31,10-K,2025,FY,2026-02-05,0001652044-26-000018
LongTermDebtCurrent,USD,1000000000,,2025-03-31,10-Q,2025,Q1,2025-04-25,0001652044-25-000043
LongTermDebtCurrent,USD,1000000000,,2025-06-30,10-Q,2025,Q2,2025-07-24,0001652044-25-000062
LongTermDebtCurrent,USD,1995000000,,2025-09-30,10-Q,2025,Q3,2025-10-30,0001652044-25-000091
LongTermDebtCurrent,USD,1996000000,,2025-12-31,10-K,2025,FY,2026-02-05,0001652044-26-000018
LongTermDebtCurrent,USD,1996000000,,2025-12-31,10-Q,2026,Q1,2026-04-30,0001652044-26-000048
LongTermDebtCurrent,USD,1996000000,,2025-12-31,10-Q,2026,Q2,2026-07-23,0001652044-26-000071
LongTermDebtCurrent,USD,1998000000,,2026-03-31,10-Q,2026,Q1,2026-04-30,0001652044-26-000048
LongTermDebtCurrent,USD,1999000000,,2026-06-30,10-Q,2026,Q2,2026-07-23,0001652044-26-000071
LongTermDebtFairValue,USD,3100000000,,2014-12-31,10-Q,2015,Q3,2015-10-29,0001652044-15-000005
LongTermDebtFairValue,USD,3100000000,,2014-12-31,10-K,2015,FY,2016-02-11,0001652044-16-000012
LongTermDebtFairValue,USD,3100000000,,2014-12-31,8-K,2015,FY,2016-05-03,0001652044-16-000022
LongTermDebtFairValue,USD,3100000000,,2015-09-30,10-Q,2015,Q3,2015-10-29,0001652044-15-000005
LongTermDebtFairValue,USD,3100000000,,2015-12-31,10-K,2015,FY,2016-02-11,0001652044-16-000012
LongTermDebtFairValue,USD,3100000000,,2015-12-31,10-Q,2016,Q1,2016-05-03,0001652044-16-000021
LongTermDebtFairValue,USD,3100000000,,2015-12-31,8-K,2015,FY,2016-05-03,0001652044-16-000022
LongTermDebtFairValue,USD,3100000000,,2015-12-31,10-Q,2016,Q2,2016-08-04,0001652044-16-000032
LongTermDebtFairValue,USD,3100000000,,2015-12-31,10-Q,2016,Q3,2016-11-03,0001652044-16-000038
LongTermDebtFairValue,USD,3100000000,,2015-12-31,10-K,2016,FY,2017-02-03,0001652044-17-000008
LongTermDebtFairValue,USD,3200000000,,2016-03-31,10-Q,2016,Q1,2016-05-03,0001652044-16-000021
LongTermDebtFairValue,USD,2200000000,,2016-06-30,10-Q,2016,Q2,2016-08-04,0001652044-16-000032
LongTermDebtFairValue,USD,4200000000,,2016-09-30,10-Q,2016,Q3,2016-11-03,0001652044-16-000038
LongTermDebtFairValue,USD,3900000000,,2016-12-31,10-K,2016,FY,2017-02-03,0001652044-17-000008
LongTermDebtFairValue,USD,3900000000,,2016-12-31,10-Q,2017,Q1,2017-05-02,0001652044-17-000014
LongTermDebtFairValue,USD,3900000000,,2016-12-31,10-Q,2017,Q2,2017-07-25,0001652044-17-000026
LongTermDebtFairValue,USD,3900000000,,2016-12-31,10-Q,2017,Q3,2017-10-27,0001652044-17-000042
LongTermDebtFairValue,USD,3900000000,,2016-12-31,10-K,2017,FY,2018-02-06,0001652044-18-000007
LongTermDebtFairValue,USD,4000000000,,2017-03-31,10-Q,2017,Q1,2017-05-02,0001652044-17-000014
LongTermDebtFairValue,USD,4000000000,,2017-06-30,10-Q,2017,Q2,2017-07-25,0001652044-17-000026
LongTermDebtFairValue,USD,4000000000,,2017-09-30,10-Q,2017,Q3,2017-10-27,0001652044-17-000042
LongTermDebtFairValue,USD,4000000000,,2017-12-31,10-K,2017,FY,2018-02-06,0001652044-18-000007
LongTermDebtFairValue,USD,4000000000,,2017-12-31,10-Q,2018,Q1,2018-04-24,0001652044-18-000016
LongTermDebtFairValue,USD,4000000000,,2017-12-31,10-Q,2018,Q2,2018-07-24,0001652044-18-000027
LongTermDebtFairValue,USD,4000000000,,2017-12-31,10-Q,2018,Q3,2018-10-26,0001652044-18-000035
LongTermDebtFairValue,USD,4000000000,,2017-12-31,10-K,2018,FY,2019-02-05,0001652044-19-000004
LongTermDebtFairValue,USD,3900000000,,2018-03-31,10-Q,2018,Q1,2018-04-24,0001652044-18-000016
LongTermDebtFairValue,USD,3800000000,,2018-06-30,10-Q,2018,Q2,2018-07-24,0001652044-18-000027
LongTermDebtFairValue,USD,3800000000,,2018-09-30,10-Q,2018,Q3,2018-10-26,0001652044-18-000035
LongTermDebtFairValue,USD,3900000000,,2018-12-31,10-K,2018,FY,2019-02-05,0001652044-19-000004
LongTermDebtFairValue,USD,3900000000,,2018-12-31,10-Q,2019,Q1,2019-04-30,0001652044-19-000015
LongTermDebtFairValue,USD,3900000000,,2018-12-31,10-Q,2019,Q2,2019-07-26,0001652044-19-000023
LongTermDebtFairValue,USD,3900000000,,2018-12-31,10-Q,2019,Q3,2019-10-29,0001652044-19-000032
LongTermDebtFairValue,USD,3900000000,,2018-12-31,10-K,2019,FY,2020-02-04,0001652044-20-000008
LongTermDebtFairValue,USD,4000000000,,2019-03-31,10-Q,2019,Q1,2019-04-30,0001652044-19-000015
LongTermDebtFairValue,USD,4000000000,,2019-06-30,10-Q,2019,Q2,2019-07-26,0001652044-19-000023
LongTermDebtFairValue,USD,4100000000,,2019-09-30,10-Q,2019,Q3,2019-10-29,0001652044-19-000032
LongTermDebtFairValue,USD,4100000000,,2019-12-31,10-K,2019,FY,2020-02-04,0001652044-20-000008
LongTermDebtFairValue,USD,4100000000,,2019-12-31,10-Q,2020,Q1,2020-04-29,0001652044-20-000021
LongTermDebtFairValue,USD,4100000000,,2019-12-31,10-Q,2020,Q2,2020-07-31,0001652044-20-000032
LongTermDebtFairValue,USD,4100000000,,2019-12-31,10-Q,2020,Q3,2020-10-30,0001652044-20-000050
LongTermDebtFairValue,USD,4100000000,,2019-12-31,10-K,2020,FY,2021-02-03,0001652044-21-000010
LongTermDebtFairValue,USD,4200000000,,2020-03-31,10-Q,2020,Q1,2020-04-29,0001652044-20-000021
LongTermDebtFairValue,USD,4300000000,,2020-06-30,10-Q,2020,Q2,2020-07-31,0001652044-20-000032
LongTermDebtFairValue,USD,13900000000,,2020-09-30,10-Q,2020,Q3,2020-10-30,0001652044-20-000050
LongTermDebtFairValue,USD,14000000000,,2020-12-31,10-K,2020,FY,2021-02-03,0001652044-21-000010
LongTermDebtFairValue,USD,14000000000,,2020-12-31,10-Q,2021,Q1,2021-04-28,0001652044-21-000020
LongTermDebtFairValue,USD,14000000000,,2020-12-31,10-Q,2021,Q2,2021-07-28,0001652044-21-000047
LongTermDebtFairValue,USD,14000000000,,2020-12-31,10-Q,2021,Q3,2021-10-27,0001652044-21-000057
LongTermDebtFairValue,USD,14000000000,,2020-12-31,10-K,2021,FY,2022-02-02,0001652044-22-000019
LongTermDebtFairValue,USD,13000000000,,2021-03-31,10-Q,2021,Q1,2021-04-28,0001652044-21-000020
LongTermDebtFairValue,USD,12400000000,,2021-06-30,10-Q,2021,Q2,2021-07-28,0001652044-21-000047
LongTermDebtFairValue,USD,12300000000,,2021-09-30,10-Q,2021,Q3,2021-10-27,0001652044-21-000057
LongTermDebtFairValue,USD,12400000000,,2021-12-31,10-K,2021,FY,2022-02-02,0001652044-22-000019
LongTermDebtFairValue,USD,12400000000,,2021-12-31,10-Q,2022,Q1,2022-04-27,0001652044-22-000029
LongTermDebtFairValue,USD,12400000000,,2021-12-31,10-Q,2022,Q2,2022-07-27,0001652044-22-000071
LongTermDebtFairValue,USD,12400000000,,2021-12-31,10-Q,2022,Q3,2022-10-26,0001652044-22-000090
LongTermDebtFairValue,USD,12400000000,,2021-12-31,10-K,2022,FY,2023-02-03,0001652044-23-000016
LongTermDebtFairValue,USD,11400000000,,2022-03-31,10-Q,2022,Q1,2022-04-27,0001652044-22-000029
LongTermDebtFairValue,USD,10400000000,,2022-06-30,10-Q,2022,Q2,2022-07-27,0001652044-22-000071
LongTermDebtFairValue,USD,9700000000,,2022-09-30,10-Q,2022,Q3,2022-10-26,0001652044-22-000090
LongTermDebtFairValue,USD,9900000000,,2022-12-31,10-K,2022,FY,2023-02-03,0001652044-23-000016
LongTermDebtFairValue,USD,9900000000,,2022-12-31,10-Q,2023,Q1,2023-04-26,0001652044-23-000045
LongTermDebtFairValue,USD,9900000000,,2022-12-31,10-Q,2023,Q2,2023-07-26,0001652044-23-000070
LongTermDebtFairValue,USD,9900000000,,2022-12-31,10-Q,2023,Q3,2023-10-25,0001652044-23-000094
LongTermDebtFairValue,USD,9900000000,,2022-12-31,10-K,2023,FY,2024-01-31,0001652044-24-000022
LongTermDebtFairValue,USD,10200000000,,2023-03-31,10-Q,2023,Q1,2023-04-26,0001652044-23-000045
LongTermDebtFairValue,USD,10100000000,,2023-06-30,10-Q,2023,Q2,2023-07-26,0001652044-23-000070
LongTermDebtFairValue,USD,9600000000,,2023-09-30,10-Q,2023,Q3,2023-10-25,0001652044-23-000094
LongTermDebtFairValue,USD,10300000000,,2023-12-31,10-K,2023,FY,2024-01-31,0001652044-24-000022
LongTermDebtFairValue,USD,10300000000,,2023-12-31,10-Q,2024,Q1,2024-04-26,0001652044-24-000053
LongTermDebtFairValue,USD,10300000000,,2023-12-31,10-Q,2024,Q2,2024-07-24,0001652044-24-000079
LongTermDebtFairValue,USD,10300000000,,2023-12-31,10-Q,2024,Q3,2024-10-30,0001652044-24-000118
LongTermDebtFairValue,USD,10300000000,,2023-12-31,10-K,2024,FY,2025-02-05,0001652044-25-000014
LongTermDebtFairValue,USD,9000000000,,2024-03-31,10-Q,2024,Q1,2024-04-26,0001652044-24-000053
LongTermDebtFairValue,USD,8900000000,,2024-06-30,10-Q,2024,Q2,2024-07-24,0001652044-24-000079
LongTermDebtFairValue,USD,9500000000,,2024-09-30,10-Q,2024,Q3,2024-10-30,0001652044-24-000118
LongTermDebtFairValue,USD,9000000000,,2024-12-31,10-K,2024,FY,2025-02-05,0001652044-25-000014
LongTermDebtFairValue,USD,9000000000,,2024-12-31,10-Q,2025,Q1,2025-04-25,0001652044-25-000043
LongTermDebtFairValue,USD,9000000000,,2024-12-31,10-Q,2025,Q2,2025-07-24,0001652044-25-000062
LongTermDebtFairValue,USD,9000000000,,2024-12-31,10-Q,2025,Q3,2025-10-30,0001652044-25-000091
LongTermDebtFairValue,USD,9000000000,,2024-12-31,10-K,2025,FY,2026-02-05,0001652044-26-000018
LongTermDebtFairValue,USD,9100000000,,2025-03-31,10-Q,2025,Q1,2025-04-25,0001652044-25-000043
LongTermDebtFairValue,USD,21900000000,,2025-06-30,10-Q,2025,Q2,2025-07-24,0001652044-25-000062
LongTermDebtFairValue,USD,21100000000,,2025-09-30,10-Q,2025,Q3,2025-10-30,0001652044-25-000091
LongTermDebtFairValue,USD,45600000000,,2025-12-31,10-K,2025,FY,2026-02-05,0001652044-26-000018
LongTermDebtFairValue,USD,45600000000,,2025-12-31,10-Q,2026,Q1,2026-04-30,0001652044-26-000048
LongTermDebtFairValue,USD,45600000000,,2025-12-31,10-Q,2026,Q2,2026-07-23,0001652044-26-000071
LongTermDebtFairValue,USD,75300000000,,2026-03-31,10-Q,2026,Q1,2026-04-30,0001652044-26-000048
LongTermDebtFairValue,USD,94900000000,,2026-06-30,10-Q,2026,Q2,2026-07-23,0001652044-26-000071
LongTermDebtMaturitiesRepaymentsOfPrincipalAfterYearFive,USD,3022000000,,2017-12-31,10-K,2017,FY,2018-02-06,0001652044-18-000007
LongTermDebtMaturitiesRepaymentsOfPrincipalAfterYearFive,USD,3039000000,,2018-12-31,10-K,2018,FY,2019-02-05,0001652044-19-000004
LongTermDebtMaturitiesRepaymentsOfPrincipalAfterYearFive,USD,2500000000,,2019-12-31,10-K,2019,FY,2020-02-04,0001652044-20-000008
LongTermDebtMaturitiesRepaymentsOfPrincipalAfterYearFive,USD,11868000000,,2020-12-31,10-K,2020,FY,2021-02-03,0001652044-21-000010
LongTermDebtMaturitiesRepaymentsOfPrincipalAfterYearFive,USD,10621000000,,2021-12-31,10-K,2021,FY,2022-02-02,0001652044-22-000019
LongTermDebtMaturitiesRepaymentsOfPrincipalAfterYearFive,USD,9447000000,,2022-12-31,10-K,2022,FY,2023-02-03,0001652044-23-000016
LongTermDebtMaturitiesRepaymentsOfPrincipalAfterYearFive,USD,8960000000,,2023-12-31,10-K,2023,FY,2024-01-31,0001652044-24-000022
LongTermDebtMaturitiesRepaymentsOfPrincipalAfterYearFive,USD,8000000000,,2024-12-31,10-K,2024,FY,2025-02-05,0001652044-25-000014
LongTermDebtMaturitiesRepaymentsOfPrincipalAfterYearFive,USD,36145000000,,2025-12-31,10-K,2025,FY,2026-02-05,0001652044-26-000018
LongTermDebtMaturitiesRepaymentsOfPrincipalInNextTwelveMonths,USD,1225000000,,2015-12-31,10-K,2015,FY,2016-02-11,0001652044-16-000012
LongTermDebtMaturitiesRepaymentsOfPrincipalInNextTwelveMonths,USD,1225000000,,2015-12-31,8-K,2015,FY,2016-05-03,0001652044-16-000022
LongTermDebtMaturitiesRepaymentsOfPrincipalInNextTwelveMonths,USD,0,,2016-12-31,10-K,2016,FY,2017-02-03,0001652044-17-000008
LongTermDebtMaturitiesRepaymentsOfPrincipalInNextTwelveMonths,USD,0,,2017-12-31,10-K,2017,FY,2018-02-06,0001652044-18-000007
LongTermDebtMaturitiesRepaymentsOfPrincipalInNextTwelveMonths,USD,0,,2018-12-31,10-K,2018,FY,2019-02-05,0001652044-19-000004
LongTermDebtMaturitiesRepaymentsOfPrincipalInNextTwelveMonths,USD,0,,2019-12-31,10-K,2019,FY,2020-02-04,0001652044-20-000008
LongTermDebtMaturitiesRepaymentsOfPrincipalInNextTwelveMonths,USD,1104000000,,2020-12-31,10-K,2020,FY,2021-02-03,0001652044-21-000010
LongTermDebtMaturitiesRepaymentsOfPrincipalInNextTwelveMonths,USD,187000000,,2021-12-31,10-K,2021,FY,2022-02-02,0001652044-22-000019
LongTermDebtMaturitiesRepaymentsOfPrincipalInNextTwelveMonths,USD,221000000,,2022-12-31,10-K,2022,FY,2023-02-03,0001652044-23-000016
LongTermDebtMaturitiesRepaymentsOfPrincipalInNextTwelveMonths,USD,1299000000,,2023-12-31,10-K,2023,FY,2024-01-31,0001652044-24-000022
LongTermDebtMaturitiesRepaymentsOfPrincipalInNextTwelveMonths,USD,1000000000,,2024-12-31,10-K,2024,FY,2025-02-05,0001652044-25-000014
LongTermDebtMaturitiesRepaymentsOfPrincipalInNextTwelveMonths,USD,2000000000,,2025-12-31,10-K,2025,FY,2026-02-05,0001652044-26-000018
LongTermDebtMaturitiesRepaymentsOfPrincipalInYearFive,USD,1000000,,2017-12-31,10-K,2017,FY,2018-02-06,0001652044-18-000007
LongTermDebtMaturitiesRepaymentsOfPrincipalInYearFive,USD,3000000,,2018-12-31,10-K,2018,FY,2019-02-05,0001652044-19-000004
LongTermDebtMaturitiesRepaymentsOfPrincipalInYearFive,USD,1047000000,,2019-12-31,10-K,2019,FY,2020-02-04,0001652044-20-000008
LongTermDebtMaturitiesRepaymentsOfPrincipalInYearFive,USD,1088000000,,2020-12-31,10-K,2020,FY,2021-02-03,0001652044-21-000010
LongTermDebtMaturitiesRepaymentsOfPrincipalInYearFive,USD,2165000000,,2021-12-31,10-K,2021,FY,2022-02-02,0001652044-22-000019
LongTermDebtMaturitiesRepaymentsOfPrincipalInYearFive,USD,1166000000,,2022-12-31,10-K,2022,FY,2023-02-03,0001652044-23-000016
LongTermDebtMaturitiesRepaymentsOfPrincipalInYearFive,USD,132000000,,2023-12-31,10-K,2023,FY,2024-01-31,0001652044-24-000022
LongTermDebtMaturitiesRepaymentsOfPrincipalInYearFive,USD,0,,2024-12-31,10-K,2024,FY,2025-02-05,0001652044-25-000014
LongTermDebtMaturitiesRepaymentsOfPrincipalInYearFive,USD,5500000000,,2025-12-31,10-K,2025,FY,2026-02-05,0001652044-26-000018
LongTermDebtMaturitiesRepaymentsOfPrincipalInYearFour,USD,0,,2015-12-31,10-K,2015,FY,2016-02-11,0001652044-16-000012
LongTermDebtMaturitiesRepaymentsOfPrincipalInYearFour,USD,0,,2015-12-31,8-K,2015,FY,2016-05-03,0001652044-16-000022
LongTermDebtMaturitiesRepaymentsOfPrincipalInYearFour,USD,0,,2016-12-31,10-K,2016,FY,2017-02-03,0001652044-17-000008
LongTermDebtMaturitiesRepaymentsOfPrincipalInYearFour,USD,1001000000,,2017-12-31,10-K,2017,FY,2018-02-06,0001652044-18-000007
LongTermDebtMaturitiesRepaymentsOfPrincipalInYearFour,USD,3000000,,2018-12-31,10-K,2018,FY,2019-02-05,0001652044-19-000004
LongTermDebtMaturitiesRepaymentsOfPrincipalInYearFour,USD,46000000,,2019-12-31,10-K,2019,FY,2020-02-04,0001652044-20-000008
LongTermDebtMaturitiesRepaymentsOfPrincipalInYearFour,USD,1087000000,,2020-12-31,10-K,2020,FY,2021-02-03,0001652044-21-000010
LongTermDebtMaturitiesRepaymentsOfPrincipalInYearFour,USD,1162000000,,2021-12-31,10-K,2021,FY,2022-02-02,0001652044-22-000019
LongTermDebtMaturitiesRepaymentsOfPrincipalInYearFour,USD,2163000000,,2022-12-31,10-K,2022,FY,2023-02-03,0001652044-23-000016
LongTermDebtMaturitiesRepaymentsOfPrincipalInYearFour,USD,1143000000,,2023-12-31,10-K,2023,FY,2024-01-31,0001652044-24-000022
LongTermDebtMaturitiesRepaymentsOfPrincipalInYearFour,USD,0,,2024-12-31,10-K,2024,FY,2025-02-05,0001652044-25-000014
LongTermDebtMaturitiesRepaymentsOfPrincipalInYearFour,USD,1764000000,,2025-12-31,10-K,2025,FY,2026-02-05,0001652044-26-000018
LongTermDebtMaturitiesRepaymentsOfPrincipalInYearThree,USD,0,,2015-12-31,10-K,2015,FY,2016-02-11,0001652044-16-000012
LongTermDebtMaturitiesRepaymentsOfPrincipalInYearThree,USD,0,,2015-12-31,8-K,2015,FY,2016-05-03,0001652044-16-000022
LongTermDebtMaturitiesRepaymentsOfPrincipalInYearThree,USD,0,,2016-12-31,10-K,2016,FY,2017-02-03,0001652044-17-000008
LongTermDebtMaturitiesRepaymentsOfPrincipalInYearThree,USD,1000000,,2017-12-31,10-K,2017,FY,2018-02-06,0001652044-18-000007
LongTermDebtMaturitiesRepaymentsOfPrincipalInYearThree,USD,1003000000,,2018-12-31,10-K,2018,FY,2019-02-05,0001652044-19-000004
LongTermDebtMaturitiesRepaymentsOfPrincipalInYearThree,USD,46000000,,2019-12-31,10-K,2019,FY,2020-02-04,0001652044-20-000008
LongTermDebtMaturitiesRepaymentsOfPrincipalInYearThree,USD,86000000,,2020-12-31,10-K,2020,FY,2021-02-03,0001652044-21-000010
LongTermDebtMaturitiesRepaymentsOfPrincipalInYearThree,USD,1159000000,,2021-12-31,10-K,2021,FY,2022-02-02,0001652044-22-000019
LongTermDebtMaturitiesRepaymentsOfPrincipalInYearThree,USD,1159000000,,2022-12-31,10-K,2022,FY,2023-02-03,0001652044-23-000016
LongTermDebtMaturitiesRepaymentsOfPrincipalInYearThree,USD,2165000000,,2023-12-31,10-K,2023,FY,2024-01-31,0001652044-24-000022
LongTermDebtMaturitiesRepaymentsOfPrincipalInYearThree,USD,1000000000,,2024-12-31,10-K,2024,FY,2025-02-05,0001652044-25-000014
LongTermDebtMaturitiesRepaymentsOfPrincipalInYearThree,USD,2676000000,,2025-12-31,10-K,2025,FY,2026-02-05,0001652044-26-000018
LongTermDebtMaturitiesRepaymentsOfPrincipalInYearTwo,USD,0,,2015-12-31,10-K,2015,FY,2016-02-11,0001652044-16-000012
LongTermDebtMaturitiesRepaymentsOfPrincipalInYearTwo,USD,0,,2015-12-31,8-K,2015,FY,2016-05-03,0001652044-16-000022
LongTermDebtMaturitiesRepaymentsOfPrincipalInYearTwo,USD,0,,2016-12-31,10-K,2016,FY,2017-02-03,0001652044-17-000008
LongTermDebtMaturitiesRepaymentsOfPrincipalInYearTwo,USD,1000000,,2017-12-31,10-K,2017,FY,2018-02-06,0001652044-18-000007
LongTermDebtMaturitiesRepaymentsOfPrincipalInYearTwo,USD,14000000,,2018-12-31,10-K,2018,FY,2019-02-05,0001652044-19-000004
LongTermDebtMaturitiesRepaymentsOfPrincipalInYearTwo,USD,1046000000,,2019-12-31,10-K,2019,FY,2020-02-04,0001652044-20-000008
LongTermDebtMaturitiesRepaymentsOfPrincipalInYearTwo,USD,86000000,,2020-12-31,10-K,2020,FY,2021-02-03,0001652044-21-000010
LongTermDebtMaturitiesRepaymentsOfPrincipalInYearTwo,USD,146000000,,2021-12-31,10-K,2021,FY,2022-02-02,0001652044-22-000019
LongTermDebtMaturitiesRepaymentsOfPrincipalInYearTwo,USD,1156000000,,2022-12-31,10-K,2022,FY,2023-02-03,0001652044-23-000016
LongTermDebtMaturitiesRepaymentsOfPrincipalInYearTwo,USD,1163000000,,2023-12-31,10-K,2023,FY,2024-01-31,0001652044-24-000022
LongTermDebtMaturitiesRepaymentsOfPrincipalInYearTwo,USD,2000000000,,2024-12-31,10-K,2024,FY,2025-02-05,0001652044-25-000014
LongTermDebtMaturitiesRepaymentsOfPrincipalInYearTwo,USD,1000000000,,2025-12-31,10-K,2025,FY,2026-02-05,0001652044-26-000018
LongTermDebtNoncurrent,USD,2992000000,,2014-12-31,10-Q,2015,Q3,2015-10-29,0001652044-15-000005
LongTermDebtNoncurrent,USD,2992000000,,2014-12-31,10-K,2015,FY,2016-02-11,0001652044-16-000012
LongTermDebtNoncurrent,USD,2992000000,,2014-12-31,8-K,2015,FY,2016-05-03,0001652044-16-000022
LongTermDebtNoncurrent,USD,1994000000,,2015-09-30,10-Q,2015,Q3,2015-10-29,0001652044-15-000005
LongTermDebtNoncurrent,USD,1995000000,,2015-12-31,10-K,2015,FY,2016-02-11,0001652044-16-000012
LongTermDebtNoncurrent,USD,1995000000,,2015-12-31,10-Q,2016,Q1,2016-05-03,0001652044-16-000021
LongTermDebtNoncurrent,USD,1995000000,,2015-12-31,8-K,2015,FY,2016-05-03,0001652044-16-000022
LongTermDebtNoncurrent,USD,1995000000,,2015-12-31,10-Q,2016,Q2,2016-08-04,0001652044-16-000032
LongTermDebtNoncurrent,USD,1995000000,,2015-12-31,10-Q,2016,Q3,2016-11-03,0001652044-16-000038
LongTermDebtNoncurrent,USD,1995000000,,2015-12-31,10-K,2016,FY,2017-02-03,0001652044-17-000008
LongTermDebtNoncurrent,USD,1987000000,,2016-03-31,10-Q,2016,Q1,2016-05-03,0001652044-16-000021
LongTermDebtNoncurrent,USD,1984000000,,2016-06-30,10-Q,2016,Q2,2016-08-04,0001652044-16-000032
LongTermDebtNoncurrent,USD,3938000000,,2016-09-30,10-Q,2016,Q3,2016-11-03,0001652044-16-000038
LongTermDebtNoncurrent,USD,3935000000,,2016-12-31,10-K,2016,FY,2017-02-03,0001652044-17-000008
LongTermDebtNoncurrent,USD,3935000000,,2016-12-31,10-Q,2017,Q1,2017-05-02,0001652044-17-000014
LongTermDebtNoncurrent,USD,3935000000,,2016-12-31,10-Q,2017,Q2,2017-07-25,0001652044-17-000026
LongTermDebtNoncurrent,USD,3935000000,,2016-12-31,10-Q,2017,Q3,2017-10-27,0001652044-17-000042
LongTermDebtNoncurrent,USD,3935000000,,2016-12-31,10-K,2017,FY,2018-02-06,0001652044-18-000007
LongTermDebtNoncurrent,USD,3937000000,,2017-03-31,10-Q,2017,Q1,2017-05-02,0001652044-17-000014
LongTermDebtNoncurrent,USD,3939000000,,2017-06-30,10-Q,2017,Q2,2017-07-25,0001652044-17-000026
LongTermDebtNoncurrent,USD,3941000000,,2017-09-30,10-Q,2017,Q3,2017-10-27,0001652044-17-000042
LongTermDebtNoncurrent,USD,3943000000,,2017-12-31,10-K,2017,FY,2018-02-06,0001652044-18-000007
LongTermDebtNoncurrent,USD,3943000000,,2017-12-31,10-Q,2018,Q1,2018-04-24,0001652044-18-000016
LongTermDebtNoncurrent,USD,3943000000,,2017-12-31,10-Q,2018,Q2,2018-07-24,0001652044-18-000027
LongTermDebtNoncurrent,USD,3943000000,,2017-12-31,10-Q,2018,Q3,2018-10-26,0001652044-18-000035
LongTermDebtNoncurrent,USD,3943000000,,2017-12-31,10-K,2018,FY,2019-02-05,0001652044-19-000004
LongTermDebtNoncurrent,USD,3944000000,,2018-03-31,10-Q,2018,Q1,2018-04-24,0001652044-18-000016
LongTermDebtNoncurrent,USD,3947000000,,2018-06-30,10-Q,2018,Q2,2018-07-24,0001652044-18-000027
LongTermDebtNoncurrent,USD,3948000000,,2018-09-30,10-Q,2018,Q3,2018-10-26,0001652044-18-000035
LongTermDebtNoncurrent,USD,3950000000,,2018-12-31,10-K,2018,FY,2019-02-05,0001652044-19-000004
LongTermDebtNoncurrent,USD,3950000000,,2018-12-31,10-Q,2019,Q1,2019-04-30,0001652044-19-000015
LongTermDebtNoncurrent,USD,3950000000,,2018-12-31,10-Q,2019,Q2,2019-07-26,0001652044-19-000023
LongTermDebtNoncurrent,USD,3950000000,,2018-12-31,10-Q,2019,Q3,2019-10-29,0001652044-19-000032
LongTermDebtNoncurrent,USD,3950000000,,2018-12-31,10-K,2019,FY,2020-02-04,0001652044-20-000008
LongTermDebtNoncurrent,USD,3952000000,,2019-03-31,10-Q,2019,Q1,2019-04-30,0001652044-19-000015
LongTermDebtNoncurrent,USD,3954000000,,2019-06-30,10-Q,2019,Q2,2019-07-26,0001652044-19-000023
LongTermDebtNoncurrent,USD,3956000000,,2019-09-30,10-Q,2019,Q3,2019-10-29,0001652044-19-000032
LongTermDebtNoncurrent,USD,3958000000,,2019-12-31,10-K,2019,FY,2020-02-04,0001652044-20-000008
LongTermDebtNoncurrent,USD,3958000000,,2019-12-31,10-Q,2020,Q1,2020-04-29,0001652044-20-000021
LongTermDebtNoncurrent,USD,3958000000,,2019-12-31,10-Q,2020,Q2,2020-07-31,0001652044-20-000032
LongTermDebtNoncurrent,USD,3960000000,,2020-03-31,10-Q,2020,Q1,2020-04-29,0001652044-20-000021
LongTermDebtNoncurrent,USD,2963000000,,2020-06-30,10-Q,2020,Q2,2020-07-31,0001652044-20-000032
LongTermDebtNoncurrent,USD,11870000000,,2023-12-31,10-K,2024,FY,2025-02-05,0001652044-25-000014
LongTermDebtNoncurrent,USD,10883000000,,2024-12-31,10-K,2024,FY,2025-02-05,0001652044-25-000014
LongTermDebtNoncurrent,USD,10883000000,,2024-12-31,10-Q,2025,Q1,2025-04-25,0001652044-25-000043
LongTermDebtNoncurrent,USD,10883000000,,2024-12-31,10-Q,2025,Q2,2025-07-24,0001652044-25-000062
LongTermDebtNoncurrent,USD,10883000000,,2024-12-31,10-Q,2025,Q3,2025-10-30,0001652044-25-000091
LongTermDebtNoncurrent,USD,10883000000,,2024-12-31,10-K,2025,FY,2026-02-05,0001652044-26-000018
LongTermDebtNoncurrent,USD,10886000000,,2025-03-31,10-Q,2025,Q1,2025-04-25,0001652044-25-000043
LongTermDebtNoncurrent,USD,23607000000,,2025-06-30,10-Q,2025,Q2,2025-07-24,0001652044-25-000062
LongTermDebtNoncurrent,USD,21607000000,,2025-09-30,10-Q,2025,Q3,2025-10-30,0001652044-25-000091
LongTermDebtNoncurrent,USD,46547000000,,2025-12-31,10-K,2025,FY,2026-02-05,0001652044-26-000018
LongTermDebtNoncurrent,USD,46547000000,,2025-12-31,10-Q,2026,Q1,2026-04-30,0001652044-26-000048
LongTermDebtNoncurrent,USD,46547000000,,2025-12-31,10-Q,2026,Q2,2026-07-23,0001652044-26-000071
LongTermDebtNoncurrent,USD,77501000000,,2026-03-31,10-Q,2026,Q1,2026-04-30,0001652044-26-000048
LongTermDebtNoncurrent,USD,98165000000,,2026-06-30,10-Q,2026,Q2,2026-07-23,0001652044-26-000071
RepaymentsOfDebt,USD,11325000000,2013-01-01,2013-12-31,10-K,2015,FY,2016-02-11,0001652044-16-000012
RepaymentsOfDebt,USD,11325000000,2013-01-01,2013-12-31,8-K,2015,FY,2016-05-03,0001652044-16-000022
RepaymentsOfDebt,USD,9181000000,2014-01-01,2014-09-30,10-Q,2015,Q3,2015-10-29,0001652044-15-000005
RepaymentsOfDebt,USD,11643000000,2014-01-01,2014-12-31,10-K,2015,FY,2016-02-11,0001652044-16-000012
RepaymentsOfDebt,USD,11643000000,2014-01-01,2014-12-31,8-K,2015,FY,2016-05-03,0001652044-16-000022
RepaymentsOfDebt,USD,11643000000,2014-01-01,2014-12-31,10-K,2016,FY,2017-02-03,0001652044-17-000008
RepaymentsOfDebt,USD,3308000000,2015-01-01,2015-03-31,10-Q,2016,Q1,2016-05-03,0001652044-16-000021
RepaymentsOfDebt,USD,6704000000,2015-01-01,2015-06-30,10-Q,2016,Q2,2016-08-04,0001652044-16-000032
RepaymentsOfDebt,USD,10341000000,2015-01-01,2015-09-30,10-Q,2015,Q3,2015-10-29,0001652044-15-000005
RepaymentsOfDebt,USD,10341000000,2015-01-01,2015-09-30,10-Q,2016,Q3,2016-11-03,0001652044-16-000038
RepaymentsOfDebt,USD,13728000000,2015-01-01,2015-12-31,10-K,2015,FY,2016-02-11,0001652044-16-000012
RepaymentsOfDebt,USD,13728000000,2015-01-01,2015-12-31,8-K,2015,FY,2016-05-03,0001652044-16-000022
RepaymentsOfDebt,USD,13728000000,2015-01-01,2015-12-31,10-K,2016,FY,2017-02-03,0001652044-17-000008
RepaymentsOfDebt,USD,3962000000,2016-01-01,2016-03-31,10-Q,2016,Q1,2016-05-03,0001652044-16-000021
RepaymentsOfDebt,USD,3962000000,2016-01-01,2016-03-31,10-Q,2017,Q1,2017-05-02,0001652044-17-000014
RepaymentsOfDebt,USD,6801000000,2016-01-01,2016-06-30,10-Q,2016,Q2,2016-08-04,0001652044-16-000032
RepaymentsOfDebt,USD,10051000000,2016-01-01,2016-09-30,10-Q,2016,Q3,2016-11-03,0001652044-16-000038
RepaymentsOfDebt,USD,10064000000,2016-01-01,2016-12-31,10-K,2016,FY,2017-02-03,0001652044-17-000008
RepaymentsOfDebt,USD,18000000,2017-01-01,2017-03-31,10-Q,2017,Q1,2017-05-02,0001652044-17-000014
